run_id,status,method,seed,mask_type,p_flip,configuration_frozen,config_path,stdout_path,stderr_path,failure
profile_masked_oracle_p0_seed12345_75c121ba,FAILED,masked,12345,oracle,0.0,False,,results/primary\runs\profile_masked_oracle_p0_seed12345_75c121ba\stdout.log,results/primary\runs\profile_masked_oracle_p0_seed12345_75c121ba\stderr.log,AssertionError()
profile_masked_oracle_p0_seed12345_b673d87a,PROFILE_PASS,masked,12345,oracle,0.0,True,results/primary\runs\profile_masked_oracle_p0_seed12345_b673d87a\config.json,results/primary\runs\profile_masked_oracle_p0_seed12345_b673d87a\stdout.log,results/primary\runs\profile_masked_oracle_p0_seed12345_b673d87a\stderr.log,
train_explicit_author_saved_llm_mask_p0_seed12345_2f98fd8f,COMPLETE,explicit,12345,author_saved_llm_mask,0.0,True,results/primary\runs\train_explicit_author_saved_llm_mask_p0_seed12345_2f98fd8f\config.json,results/primary\runs\train_explicit_author_saved_llm_mask_p0_seed12345_2f98fd8f\stdout.log,results/primary\runs\train_explicit_author_saved_llm_mask_p0_seed12345_2f98fd8f\stderr.log,
train_explicit_author_saved_llm_mask_p0_seed23456_3c1f631c,COMPLETE,explicit,23456,author_saved_llm_mask,0.0,True,results/primary\runs\train_explicit_author_saved_llm_mask_p0_seed23456_3c1f631c\config.json,results/primary\runs\train_explicit_author_saved_llm_mask_p0_seed23456_3c1f631c\stdout.log,results/primary\runs\train_explicit_author_saved_llm_mask_p0_seed23456_3c1f631c\stderr.log,
train_explicit_author_saved_llm_mask_p0_seed34567_4b2e30bc,COMPLETE,explicit,34567,author_saved_llm_mask,0.0,True,results/primary\runs\train_explicit_author_saved_llm_mask_p0_seed34567_4b2e30bc\config.json,results/primary\runs\train_explicit_author_saved_llm_mask_p0_seed34567_4b2e30bc\stdout.log,results/primary\runs\train_explicit_author_saved_llm_mask_p0_seed34567_4b2e30bc\stderr.log,
train_explicit_oracle_p0.05_seed12345_3cae35ed,COMPLETE,explicit,12345,oracle,0.05,True,results/primary\runs\train_explicit_oracle_p0.05_seed12345_3cae35ed\config.json,results/primary\runs\train_explicit_oracle_p0.05_seed12345_3cae35ed\stdout.log,results/primary\runs\train_explicit_oracle_p0.05_seed12345_3cae35ed\stderr.log,
train_explicit_oracle_p0.05_seed23456_68d7a1cf,COMPLETE,explicit,23456,oracle,0.05,True,results/primary\runs\train_explicit_oracle_p0.05_seed23456_68d7a1cf\config.json,results/primary\runs\train_explicit_oracle_p0.05_seed23456_68d7a1cf\stdout.log,results/primary\runs\train_explicit_oracle_p0.05_seed23456_68d7a1cf\stderr.log,
train_explicit_oracle_p0.05_seed34567_b047caef,COMPLETE,explicit,34567,oracle,0.05,True,results/primary\runs\train_explicit_oracle_p0.05_seed34567_b047caef\config.json,results/primary\runs\train_explicit_oracle_p0.05_seed34567_b047caef\stdout.log,results/primary\runs\train_explicit_oracle_p0.05_seed34567_b047caef\stderr.log,
train_explicit_oracle_p0.1_seed12345_64c5efe5,COMPLETE,explicit,12345,oracle,0.1,True,results/primary\runs\train_explicit_oracle_p0.1_seed12345_64c5efe5\config.json,results/primary\runs\train_explicit_oracle_p0.1_seed12345_64c5efe5\stdout.log,results/primary\runs\train_explicit_oracle_p0.1_seed12345_64c5efe5\stderr.log,
train_explicit_oracle_p0.1_seed23456_d4a16e99,COMPLETE,explicit,23456,oracle,0.1,True,results/primary\runs\train_explicit_oracle_p0.1_seed23456_d4a16e99\config.json,results/primary\runs\train_explicit_oracle_p0.1_seed23456_d4a16e99\stdout.log,results/primary\runs\train_explicit_oracle_p0.1_seed23456_d4a16e99\stderr.log,
train_explicit_oracle_p0.1_seed34567_6ccfd916,COMPLETE,explicit,34567,oracle,0.1,True,results/primary\runs\train_explicit_oracle_p0.1_seed34567_6ccfd916\config.json,results/primary\runs\train_explicit_oracle_p0.1_seed34567_6ccfd916\stdout.log,results/primary\runs\train_explicit_oracle_p0.1_seed34567_6ccfd916\stderr.log,
train_explicit_oracle_p0.2_seed12345_34010311,COMPLETE,explicit,12345,oracle,0.2,True,results/primary\runs\train_explicit_oracle_p0.2_seed12345_34010311\config.json,results/primary\runs\train_explicit_oracle_p0.2_seed12345_34010311\stdout.log,results/primary\runs\train_explicit_oracle_p0.2_seed12345_34010311\stderr.log,
train_explicit_oracle_p0.2_seed23456_5dfb3c3a,COMPLETE,explicit,23456,oracle,0.2,True,results/primary\runs\train_explicit_oracle_p0.2_seed23456_5dfb3c3a\config.json,results/primary\runs\train_explicit_oracle_p0.2_seed23456_5dfb3c3a\stdout.log,results/primary\runs\train_explicit_oracle_p0.2_seed23456_5dfb3c3a\stderr.log,
train_explicit_oracle_p0.2_seed34567_0885f36e,COMPLETE,explicit,34567,oracle,0.2,True,results/primary\runs\train_explicit_oracle_p0.2_seed34567_0885f36e\config.json,results/primary\runs\train_explicit_oracle_p0.2_seed34567_0885f36e\stdout.log,results/primary\runs\train_explicit_oracle_p0.2_seed34567_0885f36e\stderr.log,
train_explicit_oracle_p0.3_seed12345_c490d95b,COMPLETE,explicit,12345,oracle,0.3,True,results/primary\runs\train_explicit_oracle_p0.3_seed12345_c490d95b\config.json,results/primary\runs\train_explicit_oracle_p0.3_seed12345_c490d95b\stdout.log,results/primary\runs\train_explicit_oracle_p0.3_seed12345_c490d95b\stderr.log,
train_explicit_oracle_p0.3_seed23456_0979af89,COMPLETE,explicit,23456,oracle,0.3,True,results/primary\runs\train_explicit_oracle_p0.3_seed23456_0979af89\config.json,results/primary\runs\train_explicit_oracle_p0.3_seed23456_0979af89\stdout.log,results/primary\runs\train_explicit_oracle_p0.3_seed23456_0979af89\stderr.log,
train_explicit_oracle_p0.3_seed34567_534bad2f,COMPLETE,explicit,34567,oracle,0.3,True,results/primary\runs\train_explicit_oracle_p0.3_seed34567_534bad2f\config.json,results/primary\runs\train_explicit_oracle_p0.3_seed34567_534bad2f\stdout.log,results/primary\runs\train_explicit_oracle_p0.3_seed34567_534bad2f\stderr.log,
train_explicit_oracle_p0_seed12345_5cd70870,FAILED,explicit,12345,oracle,0.0,False,,results/primary\runs\train_explicit_oracle_p0_seed12345_5cd70870\stdout.log,results/primary\runs\train_explicit_oracle_p0_seed12345_5cd70870\stderr.log,"FileNotFoundError(2, 'No such file or directory')"
train_explicit_oracle_p0_seed12345_c84d530c,COMPLETE,explicit,12345,oracle,0.0,True,results/primary\runs\train_explicit_oracle_p0_seed12345_c84d530c\config.json,results/primary\runs\train_explicit_oracle_p0_seed12345_c84d530c\stdout.log,results/primary\runs\train_explicit_oracle_p0_seed12345_c84d530c\stderr.log,
train_explicit_oracle_p0_seed23456_3d45a61f,COMPLETE,explicit,23456,oracle,0.0,True,results/primary\runs\train_explicit_oracle_p0_seed23456_3d45a61f\config.json,results/primary\runs\train_explicit_oracle_p0_seed23456_3d45a61f\stdout.log,results/primary\runs\train_explicit_oracle_p0_seed23456_3d45a61f\stderr.log,
train_explicit_oracle_p0_seed34567_9192da77,COMPLETE,explicit,34567,oracle,0.0,True,results/primary\runs\train_explicit_oracle_p0_seed34567_9192da77\config.json,results/primary\runs\train_explicit_oracle_p0_seed34567_9192da77\stdout.log,results/primary\runs\train_explicit_oracle_p0_seed34567_9192da77\stderr.log,
train_lcrl_oracle_p0_seed12345_37e33f38,COMPLETE,lcrl,12345,oracle,0.0,True,results/primary\runs\train_lcrl_oracle_p0_seed12345_37e33f38\config.json,results/primary\runs\train_lcrl_oracle_p0_seed12345_37e33f38\stdout.log,results/primary\runs\train_lcrl_oracle_p0_seed12345_37e33f38\stderr.log,
train_lcrl_oracle_p0_seed23456_3dbdfc0f,COMPLETE,lcrl,23456,oracle,0.0,True,results/primary\runs\train_lcrl_oracle_p0_seed23456_3dbdfc0f\config.json,results/primary\runs\train_lcrl_oracle_p0_seed23456_3dbdfc0f\stdout.log,results/primary\runs\train_lcrl_oracle_p0_seed23456_3dbdfc0f\stderr.log,
train_lcrl_oracle_p0_seed34567_f2def502,COMPLETE,lcrl,34567,oracle,0.0,True,results/primary\runs\train_lcrl_oracle_p0_seed34567_f2def502\config.json,results/primary\runs\train_lcrl_oracle_p0_seed34567_f2def502\stdout.log,results/primary\runs\train_lcrl_oracle_p0_seed34567_f2def502\stderr.log,
train_masked_author_saved_llm_mask_p0_seed12345_8995fc16,COMPLETE,masked,12345,author_saved_llm_mask,0.0,True,results/primary\runs\train_masked_author_saved_llm_mask_p0_seed12345_8995fc16\config.json,results/primary\runs\train_masked_author_saved_llm_mask_p0_seed12345_8995fc16\stdout.log,results/primary\runs\train_masked_author_saved_llm_mask_p0_seed12345_8995fc16\stderr.log,
train_masked_author_saved_llm_mask_p0_seed23456_bbaabd8a,COMPLETE,masked,23456,author_saved_llm_mask,0.0,True,results/primary\runs\train_masked_author_saved_llm_mask_p0_seed23456_bbaabd8a\config.json,results/primary\runs\train_masked_author_saved_llm_mask_p0_seed23456_bbaabd8a\stdout.log,results/primary\runs\train_masked_author_saved_llm_mask_p0_seed23456_bbaabd8a\stderr.log,
train_masked_author_saved_llm_mask_p0_seed34567_a237f9e8,COMPLETE,masked,34567,author_saved_llm_mask,0.0,True,results/primary\runs\train_masked_author_saved_llm_mask_p0_seed34567_a237f9e8\config.json,results/primary\runs\train_masked_author_saved_llm_mask_p0_seed34567_a237f9e8\stdout.log,results/primary\runs\train_masked_author_saved_llm_mask_p0_seed34567_a237f9e8\stderr.log,
train_masked_oracle_p0.05_seed12345_36c83832,COMPLETE,masked,12345,oracle,0.05,True,results/primary\runs\train_masked_oracle_p0.05_seed12345_36c83832\config.json,results/primary\runs\train_masked_oracle_p0.05_seed12345_36c83832\stdout.log,results/primary\runs\train_masked_oracle_p0.05_seed12345_36c83832\stderr.log,
train_masked_oracle_p0.05_seed23456_2e28597d,COMPLETE,masked,23456,oracle,0.05,True,results/primary\runs\train_masked_oracle_p0.05_seed23456_2e28597d\config.json,results/primary\runs\train_masked_oracle_p0.05_seed23456_2e28597d\stdout.log,results/primary\runs\train_masked_oracle_p0.05_seed23456_2e28597d\stderr.log,
train_masked_oracle_p0.05_seed34567_8e54db21,COMPLETE,masked,34567,oracle,0.05,True,results/primary\runs\train_masked_oracle_p0.05_seed34567_8e54db21\config.json,results/primary\runs\train_masked_oracle_p0.05_seed34567_8e54db21\stdout.log,results/primary\runs\train_masked_oracle_p0.05_seed34567_8e54db21\stderr.log,
train_masked_oracle_p0.1_seed12345_b82a757f,COMPLETE,masked,12345,oracle,0.1,True,results/primary\runs\train_masked_oracle_p0.1_seed12345_b82a757f\config.json,results/primary\runs\train_masked_oracle_p0.1_seed12345_b82a757f\stdout.log,results/primary\runs\train_masked_oracle_p0.1_seed12345_b82a757f\stderr.log,
train_masked_oracle_p0.1_seed23456_eda9a453,COMPLETE,masked,23456,oracle,0.1,True,results/primary\runs\train_masked_oracle_p0.1_seed23456_eda9a453\config.json,results/primary\runs\train_masked_oracle_p0.1_seed23456_eda9a453\stdout.log,results/primary\runs\train_masked_oracle_p0.1_seed23456_eda9a453\stderr.log,
train_masked_oracle_p0.1_seed34567_9143dab3,COMPLETE,masked,34567,oracle,0.1,True,results/primary\runs\train_masked_oracle_p0.1_seed34567_9143dab3\config.json,results/primary\runs\train_masked_oracle_p0.1_seed34567_9143dab3\stdout.log,results/primary\runs\train_masked_oracle_p0.1_seed34567_9143dab3\stderr.log,
train_masked_oracle_p0.2_seed12345_e8bc9d04,COMPLETE,masked,12345,oracle,0.2,True,results/primary\runs\train_masked_oracle_p0.2_seed12345_e8bc9d04\config.json,results/primary\runs\train_masked_oracle_p0.2_seed12345_e8bc9d04\stdout.log,results/primary\runs\train_masked_oracle_p0.2_seed12345_e8bc9d04\stderr.log,
train_masked_oracle_p0.2_seed23456_b4570ec9,COMPLETE,masked,23456,oracle,0.2,True,results/primary\runs\train_masked_oracle_p0.2_seed23456_b4570ec9\config.json,results/primary\runs\train_masked_oracle_p0.2_seed23456_b4570ec9\stdout.log,results/primary\runs\train_masked_oracle_p0.2_seed23456_b4570ec9\stderr.log,
train_masked_oracle_p0.2_seed34567_54bcf8eb,COMPLETE,masked,34567,oracle,0.2,True,results/primary\runs\train_masked_oracle_p0.2_seed34567_54bcf8eb\config.json,results/primary\runs\train_masked_oracle_p0.2_seed34567_54bcf8eb\stdout.log,results/primary\runs\train_masked_oracle_p0.2_seed34567_54bcf8eb\stderr.log,
train_masked_oracle_p0.3_seed12345_ff28dd5b,COMPLETE,masked,12345,oracle,0.3,True,results/primary\runs\train_masked_oracle_p0.3_seed12345_ff28dd5b\config.json,results/primary\runs\train_masked_oracle_p0.3_seed12345_ff28dd5b\stdout.log,results/primary\runs\train_masked_oracle_p0.3_seed12345_ff28dd5b\stderr.log,
train_masked_oracle_p0.3_seed23456_4e0015f7,COMPLETE,masked,23456,oracle,0.3,True,results/primary\runs\train_masked_oracle_p0.3_seed23456_4e0015f7\config.json,results/primary\runs\train_masked_oracle_p0.3_seed23456_4e0015f7\stdout.log,results/primary\runs\train_masked_oracle_p0.3_seed23456_4e0015f7\stderr.log,
train_masked_oracle_p0.3_seed34567_16d3c16d,COMPLETE,masked,34567,oracle,0.3,True,results/primary\runs\train_masked_oracle_p0.3_seed34567_16d3c16d\config.json,results/primary\runs\train_masked_oracle_p0.3_seed34567_16d3c16d\stdout.log,results/primary\runs\train_masked_oracle_p0.3_seed34567_16d3c16d\stderr.log,
train_masked_oracle_p0_seed12345_450115a7,COMPLETE,masked,12345,oracle,0.0,True,results/primary\runs\train_masked_oracle_p0_seed12345_450115a7\config.json,results/primary\runs\train_masked_oracle_p0_seed12345_450115a7\stdout.log,results/primary\runs\train_masked_oracle_p0_seed12345_450115a7\stderr.log,
train_masked_oracle_p0_seed23456_068710dc,COMPLETE,masked,23456,oracle,0.0,True,results/primary\runs\train_masked_oracle_p0_seed23456_068710dc\config.json,results/primary\runs\train_masked_oracle_p0_seed23456_068710dc\stdout.log,results/primary\runs\train_masked_oracle_p0_seed23456_068710dc\stderr.log,
train_masked_oracle_p0_seed34567_64783b82,COMPLETE,masked,34567,oracle,0.0,True,results/primary\runs\train_masked_oracle_p0_seed34567_64783b82\config.json,results/primary\runs\train_masked_oracle_p0_seed34567_64783b82\stdout.log,results/primary\runs\train_masked_oracle_p0_seed34567_64783b82\stderr.log,
